{
  "asenovgrad": [
    24.877286,
    42.01603
  ],
  "aytos": [
    27.250098,
    42.703136
  ],
  "blagoevgrad": [
    23.091638,
    42.01101
  ],
  "botevgrad": [
    23.793853,
    42.906418
  ],
  "burgas": [
    27.45523,
    42.523568
  ],
  "chirpan": [
    25.331613,
    42.198218
  ],
  "dimitrovgrad": [
    25.595533,
    42.061585
  ],
  "dobrich": [
    27.825812,
    43.57304
  ],
  "dupnitsa": [
    23.114541,
    42.261806
  ],
  "gabrovo": [
    25.33417,
    42.87472
  ],
  "gorna oryahovitsa": [
    25.695762,
    43.129711
  ],
  "gotse delchev": [
    23.730846,
    41.569823
  ],
  "harmanli": [
    25.906251,
    41.925975
  ],
  "haskovo": [
    25.562362,
    41.930855
  ],
  "kardzhali": [
    25.373482,
    41.638576
  ],
  "karlovo": [
    24.805544,
    42.638526
  ],
  "kazanlak": [
    25.391616,
    42.618583
  ],
  "kyustendil": [
    22.69266,
    42.289224
  ],
  "lom": [
    23.236888,
    43.822172
  ],
  "lovech": [
    24.712166,
    43.138112
  ],
  "montana": [
    23.226654,
    43.412436
  ],
  "nova zagora": [
    26.012657,
    42.492652
  ],
  "panagyurishte": [
    24.185596,
    42.504313
  ],
  "pazardzhik": [
    24.329755,
    42.185261
  ],
  "pernik": [
    23.045428,
    42.600184
  ],
  "petrich": [
    24.01667,
    42.6
  ],
  "pleven": [
    24.622103,
    43.407995
  ],
  "plovdiv": [
    24.744011,
    42.144039
  ],
  "pomorie": [
    27.616028,
    42.569932
  ],
  "popovo": [
    26.230305,
    43.347139
  ],
  "razgrad": [
    26.522509,
    43.527722
  ],
  "ruse": [
    25.960555,
    43.836669
  ],
  "samokov": [
    23.555574,
    42.335508
  ],
  "sandanski": [
    23.273106,
    41.552742
  ],
  "sevlievo": [
    25.097648,
    43.021314
  ],
  "shumen": [
    26.93578,
    43.272489
  ],
  "silistra": [
    27.264126,
    44.11776
  ],
  "sliven": [
    26.326901,
    42.66758
  ],
  "smolyan": [
    24.711025,
    41.575428
  ],
  "sofia": [
    23.326714,
    42.685984
  ],
  "stara zagora": [
    25.632497,
    42.422118
  ],
  "svilengrad": [
    26.205017,
    41.767625
  ],
  "targovishte": [
    26.571294,
    43.253451
  ],
  "troyan": [
    24.711761,
    42.891611
  ],
  "varna": [
    27.906614,
    43.210214
  ],
  "veliko tarnovo": [
    25.619081,
    43.072675
  ],
  "velingrad": [
    23.994248,
    42.031654
  ],
  "vidin": [
    22.870361,
    43.991547
  ],
  "vratsa": [
    23.552523,
    43.212742
  ],
  "yambol": [
    26.492437,
    42.48718
  ]
}